positionX,positionY,time
7.450581E-08,1.102686E-06,0
7.450581E-08,1.102686E-06,0
7.450581E-08,1.102686E-06,0
-3.166497E-08,1.206994E-06,0.03333342
-1.117587E-08,1.41561E-06,0.06666685
2.607703E-08,1.430511E-06,0.1000003
-1.676381E-08,1.400709E-06,0.1333337
-6.332994E-08,1.370907E-06,0.1666671
-2.421439E-08,1.385808E-06,0.2000006
-1.862645E-09,1.385808E-06,0.233334
2.793968E-08,1.370907E-06,0.2666674
-5.587935E-09,1.475215E-06,0.3000008
-3.911555E-08,1.370907E-06,0.3333343
-1.490116E-08,1.356006E-06,0.3666677
-9.49949E-08,1.326203E-06,0.4000011
-9.49949E-08,1.460314E-06,0.4333345
-1.73226E-07,1.460314E-06,0.466668
-1.229346E-07,1.460314E-06,0.5000014
-1.061708E-07,1.341105E-06,0.5333348
-1.918525E-07,1.311302E-06,0.5666682
-1.676381E-07,1.460314E-06,0.6000016
-2.402812E-07,1.430511E-06,0.6333351
-2.440065E-07,1.430511E-06,0.6666685
-3.036112E-07,1.460314E-06,0.700002
-2.458692E-07,1.445413E-06,0.7333354
-3.390014E-07,1.430511E-06,0.7666688
-3.557652E-07,1.430511E-06,0.8000022
-3.799796E-07,1.430511E-06,0.8333356
-3.743917E-07,1.445413E-06,0.8666691
-5.178154E-07,1.41561E-06,0.9000025
-4.433095E-07,1.41561E-06,0.9333359
-5.178154E-07,1.41561E-06,0.9666693
-6.09085E-07,1.445413E-06,1.000003
-5.476177E-07,1.400709E-06,1.033336
-6.724149E-07,1.41561E-06,1.06667
-6.426126E-07,1.385808E-06,1.100003
-7.50646E-07,1.370907E-06,1.133336
-7.711351E-07,1.370907E-06,1.16667
-7.897615E-07,1.356006E-06,1.200003
-8.195639E-07,1.370907E-06,1.233337
-9.518117E-07,1.326203E-06,1.26667
-9.965152E-07,1.356006E-06,1.300004
-9.983778E-07,1.356006E-06,1.333337
-1.003966E-06,1.356006E-06,1.36667
-1.158565E-06,1.296401E-06,1.400004
-1.277775E-06,1.296401E-06,1.433337
-1.223758E-06,1.296401E-06,1.466671
-1.383945E-06,1.430511E-06,1.500004
-1.346692E-06,1.41561E-06,1.533338
-1.404434E-06,1.385808E-06,1.566671
-1.532957E-06,1.385808E-06,1.600004
-1.505017E-06,1.400709E-06,1.633338
-1.609325E-06,1.356006E-06,1.666671
-1.747161E-06,1.341105E-06,1.700005
-1.786277E-06,1.341105E-06,1.733338
-1.89431E-06,1.311302E-06,1.766672
-1.940876E-06,1.311302E-06,1.800005
-1.98558E-06,1.296401E-06,1.833338
-2.142042E-06,1.266599E-06,1.866672
-2.136454E-06,1.311302E-06,1.900005
-2.214685E-06,1.370907E-06,1.933339
-2.296641E-06,1.370907E-06,1.966672
-2.438203E-06,1.356006E-06,2.000005
-2.413988E-06,1.326203E-06,2.033339
-2.600253E-06,1.311302E-06,2.066672
-2.648681E-06,1.326203E-06,2.100006
-2.667308E-06,1.311302E-06,2.133339
-2.834946E-06,1.2815E-06,2.166673
-2.939254E-06,1.221895E-06,2.200006
-3.037974E-06,1.356006E-06,2.23334
-3.121793E-06,1.326203E-06,2.266673
-3.142282E-06,1.311302E-06,2.300006
-3.254041E-06,1.311302E-06,2.33334
-3.356487E-06,1.2815E-06,2.366673
-3.486872E-06,1.266599E-06,2.400007
-3.49246E-06,1.266599E-06,2.43334
-3.620982E-06,1.236796E-06,2.466673
-3.749505E-06,1.326203E-06,2.500007
-3.842637E-06,1.192093E-06,2.53334
-3.939494E-06,1.296401E-06,2.566674
-3.991649E-06,1.2815E-06,2.600007
-4.192814E-06,1.251698E-06,2.633341
-4.258007E-06,1.251698E-06,2.666674
-4.466623E-06,1.192093E-06,2.700007
-4.542992E-06,1.192093E-06,2.733341
-4.664063E-06,1.177192E-06,2.766674
-4.760921E-06,1.251698E-06,2.800008
-4.841015E-06,1.266599E-06,2.833341
-4.991889E-06,1.236796E-06,2.866675
-5.120412E-06,1.192093E-06,2.900008
-5.163252E-06,1.206994E-06,2.933342
-5.319715E-06,1.2815E-06,2.966675
-5.431473E-06,1.251698E-06,3.000008
-5.500391E-06,1.2815E-06,3.033342
-5.690381E-06,1.192093E-06,3.066675
-5.51343E-06,1.311302E-06,3.100008
-5.628914E-06,1.341105E-06,3.133342
-5.729496E-06,1.370907E-06,3.166675
-5.943701E-06,1.445413E-06,3.200009
-6.053597E-06,1.430511E-06,3.233342
-6.107613E-06,1.445413E-06,3.266676
-6.282702E-06,1.400709E-06,3.300009
-6.401911E-06,1.385808E-06,3.333343
-6.474555E-06,1.385808E-06,3.366676
-6.560236E-06,1.490116E-06,3.400009
-6.722286E-06,1.475215E-06,3.433343
-6.917864E-06,1.460314E-06,3.466676
-7.033348E-06,1.430511E-06,3.50001
-7.098541E-06,1.41561E-06,3.533343
-7.297844E-06,1.490116E-06,3.566677
-7.459894E-06,1.519918E-06,3.60001
-7.497147E-06,1.505017E-06,3.633343
-7.752329E-06,1.460314E-06,3.666677
-7.826835E-06,1.445413E-06,3.70001
-7.916242E-06,1.445413E-06,3.733344
-8.080155E-06,1.549721E-06,3.766677
-8.283183E-06,1.505017E-06,3.80001
-8.391216E-06,1.445413E-06,3.833344
-8.579344E-06,1.460314E-06,3.866677
-8.763745E-06,1.549721E-06,3.900011
-8.748844E-06,1.549721E-06,3.933344
-9.037554E-06,1.505017E-06,3.966678
-9.149313E-06,1.475215E-06,4.000011
-9.201467E-06,1.505017E-06,4.033344
-9.745359E-06,1.519918E-06,4.123942
